fellow_id,session_id,attended,feedback_submitted,what_i_learned,what_ill_apply,feedback_submitted_at
fellow-alexandra-smith,s01,yes,yes,"I came in thinking the funding gap was mostly about the amount of capital. The session made it clear that the gap is just as much about the type of capital, and that a lot of good businesses are being pushed toward equity that doesn't suit them.","When I screen a deal I'm going to write one line on whether equity is actually the right instrument before I go further, and flag it to the partner if it isn't.",2026-08-19
fellow-alexandra-smith,s02,yes,yes,I had been treating conviction as a feeling. The session reframed it as a set of explicit assumptions I can write down and test.,"Before our next IC, I'll draft a one-page thesis for each deal with the three assumptions that have to hold.",2026-08-26
fellow-alexandra-smith,s03,yes,yes,"Strong sourcing comes from being the first call for a small set of founders who trust you, rather than from volume.","I'm picking two sectors and committing to one founder conversation a week in each, with no agenda attached.",2026-09-02
fellow-alexandra-smith,s04,yes,yes,Diligence is only useful if it can change the answer. Half of what we ask for is to make ourselves feel thorough.,"For the deal I'm on now I'll list the three questions that could kill it and do those first, before the data room checklist.",2026-09-09
fellow-alexandra-smith,s05,no,no,,,
fellow-alexandra-smith,s06,yes,yes,"Reserves are a portfolio decision, not a deal decision. I hadn't realised how much our follow-on behaviour was being decided by whoever asked first.",I want to build a simple reserves model for our current fund and bring it to our Monday pipeline meeting.,2026-09-23
fellow-alexandra-smith,s07,yes,no,,,
fellow-alexandra-smith,s08,yes,yes,"An IC memo is an argument, not a report. The best ones tell the committee what to believe and then show them why.","My next memo will open with the recommendation and the two reasons it could be wrong, in the first paragraph.",2026-10-07
fellow-daniel-mensah,s01,yes,yes,The numbers on how little capital reaches early-stage founders outside the big four markets were sobering. We talk about pan-African but our pipeline doesn't look like it.,I'm going to map where our last 40 inbound deals came from and share it with the team.,2026-08-19
fellow-daniel-mensah,s02,yes,yes,"Separating ""I like this founder"" from ""this is a good investment"" sounds obvious but I do not do it consistently.","Keep a decision log for every deal I recommend for or against, so I can check my calls in a year.",2026-08-26
fellow-daniel-mensah,s03,no,no,,,
fellow-daniel-mensah,s04,yes,no,,,
fellow-daniel-mensah,s05,yes,yes,Structure is where you can protect the downside without fighting over the headline valuation. Most of our term sheets use the same template regardless of the deal.,,2026-09-16
fellow-daniel-mensah,s06,no,no,,,
fellow-daniel-mensah,s07,yes,no,,,
fellow-daniel-mensah,s08,yes,yes,"The committee only remembers the first page. Everything else is there to answer questions, not to persuade.","Rewrite our memo template so the first page is the decision, the risks and what we need to believe.",2026-10-07
fellow-amara-okafor,s01,yes,yes,Hearing how other funds in the room think about the same market reminded me how narrow our own view can get.,Set up a quarterly call with two other managers to compare notes on deals we both passed on.,2026-08-19
fellow-amara-okafor,s02,yes,yes,"The point that stuck was that conviction should be strongest about the few things that matter, and loose about everything else.",In our next pipeline review I'll ask each of us to name the single assumption the deal depends on.,2026-08-26
fellow-amara-okafor,s03,yes,yes,"We rely almost entirely on our network for deal flow. It works, but it means we keep seeing the same kind of founder.",Run a small open call for founders in two sectors we have never invested in and see what comes in.,2026-09-02
fellow-amara-okafor,s04,yes,yes,"Reference calls are most useful when you ask about the hard moments, not the highlights.",Add three questions about how the founder handled a bad quarter to our reference call script.,2026-09-09
fellow-amara-okafor,s05,yes,yes,Valuation in our market is less about comparables and more about what the next round will realistically look like.,Model the next two rounds for every new deal before we agree a price.,2026-09-16
fellow-amara-okafor,s06,yes,yes,We have been building a portfolio one deal at a time instead of deciding the shape of the portfolio first.,Propose target ranges for cheque size and number of companies to our partners for the rest of the fund.,2026-09-23
fellow-amara-okafor,s07,yes,yes,"Founders want fewer, more useful conversations, not more support programmes.","Ask each portfolio founder what one thing we could do this quarter that would actually help, and do it.",2026-09-30
fellow-amara-okafor,s08,yes,yes,"Writing clearly is a form of thinking clearly. If I can't say it in a paragraph, I don't understand it yet.",Start every investment memo with a five-sentence summary and test it on a colleague before writing the rest.,2026-10-07
fellow-cohort-01,s01,yes,yes,,,
fellow-cohort-01,s02,yes,yes,,,
fellow-cohort-01,s03,yes,yes,,,
fellow-cohort-01,s04,yes,yes,,,
fellow-cohort-01,s05,yes,yes,,,
fellow-cohort-01,s06,yes,yes,,,
fellow-cohort-01,s07,yes,yes,,,
fellow-cohort-01,s08,yes,no,,,
fellow-cohort-02,s01,yes,yes,,,
fellow-cohort-02,s02,yes,yes,,,
fellow-cohort-02,s03,yes,no,,,
fellow-cohort-02,s04,yes,yes,,,
fellow-cohort-02,s05,yes,yes,,,
fellow-cohort-02,s06,yes,yes,,,
fellow-cohort-02,s07,yes,no,,,
fellow-cohort-02,s08,no,no,,,
fellow-cohort-03,s01,yes,yes,,,
fellow-cohort-03,s02,yes,yes,,,
fellow-cohort-03,s03,no,no,,,
fellow-cohort-03,s04,yes,yes,,,
fellow-cohort-03,s05,yes,yes,,,
fellow-cohort-03,s06,yes,no,,,
fellow-cohort-03,s07,yes,yes,,,
fellow-cohort-03,s08,yes,yes,,,
fellow-cohort-04,s01,yes,yes,,,
fellow-cohort-04,s02,yes,no,,,
fellow-cohort-04,s03,yes,yes,,,
fellow-cohort-04,s04,yes,yes,,,
fellow-cohort-04,s05,yes,yes,,,
fellow-cohort-04,s06,no,no,,,
fellow-cohort-04,s07,yes,yes,,,
fellow-cohort-04,s08,yes,yes,,,
fellow-cohort-05,s01,yes,yes,,,
fellow-cohort-05,s02,no,no,,,
fellow-cohort-05,s03,yes,yes,,,
fellow-cohort-05,s04,yes,no,,,
fellow-cohort-05,s05,yes,yes,,,
fellow-cohort-05,s06,yes,yes,,,
fellow-cohort-05,s07,no,no,,,
fellow-cohort-05,s08,yes,no,,,
fellow-cohort-06,s01,yes,yes,,,
fellow-cohort-06,s02,yes,yes,,,
fellow-cohort-06,s03,yes,yes,,,
fellow-cohort-06,s04,yes,no,,,
fellow-cohort-06,s05,no,no,,,
fellow-cohort-06,s06,yes,yes,,,
fellow-cohort-06,s07,yes,no,,,
fellow-cohort-06,s08,no,no,,,
fellow-cohort-07,s01,yes,yes,,,
fellow-cohort-07,s02,yes,yes,,,
fellow-cohort-07,s03,yes,yes,,,
fellow-cohort-07,s04,yes,yes,,,
fellow-cohort-07,s05,yes,yes,,,
fellow-cohort-07,s06,yes,yes,,,
fellow-cohort-07,s07,yes,yes,,,
fellow-cohort-07,s08,yes,yes,,,
fellow-cohort-08,s01,yes,yes,,,
fellow-cohort-08,s02,yes,yes,,,
fellow-cohort-08,s03,yes,no,,,
fellow-cohort-08,s04,no,no,,,
fellow-cohort-08,s05,yes,yes,,,
fellow-cohort-08,s06,yes,no,,,
fellow-cohort-08,s07,no,no,,,
fellow-cohort-08,s08,yes,yes,,,
fellow-cohort-09,s01,no,no,,,
fellow-cohort-09,s02,yes,yes,,,
fellow-cohort-09,s03,yes,no,,,
fellow-cohort-09,s04,yes,yes,,,
fellow-cohort-09,s05,yes,no,,,
fellow-cohort-09,s06,no,no,,,
fellow-cohort-09,s07,yes,no,,,
fellow-cohort-09,s08,yes,yes,,,
fellow-cohort-10,s01,yes,yes,,,
fellow-cohort-10,s02,yes,no,,,
fellow-cohort-10,s03,yes,yes,,,
fellow-cohort-10,s04,yes,yes,,,
fellow-cohort-10,s05,yes,no,,,
fellow-cohort-10,s06,yes,yes,,,
fellow-cohort-10,s07,yes,yes,,,
fellow-cohort-10,s08,yes,yes,,,
fellow-cohort-11,s01,yes,yes,,,
fellow-cohort-11,s02,yes,no,,,
fellow-cohort-11,s03,no,no,,,
fellow-cohort-11,s04,yes,yes,,,
fellow-cohort-11,s05,yes,no,,,
fellow-cohort-11,s06,no,no,,,
fellow-cohort-11,s07,yes,no,,,
fellow-cohort-11,s08,no,no,,,
fellow-cohort-12,s01,yes,yes,,,
fellow-cohort-12,s02,yes,yes,,,
fellow-cohort-12,s03,yes,yes,,,
fellow-cohort-12,s04,yes,yes,,,
fellow-cohort-12,s05,no,no,,,
fellow-cohort-12,s06,yes,yes,,,
fellow-cohort-12,s07,yes,yes,,,
fellow-cohort-12,s08,yes,yes,,,
fellow-cohort-13,s01,yes,no,,,
fellow-cohort-13,s02,yes,yes,,,
fellow-cohort-13,s03,yes,yes,,,
fellow-cohort-13,s04,no,no,,,
fellow-cohort-13,s05,no,no,,,
fellow-cohort-13,s06,yes,yes,,,
fellow-cohort-13,s07,yes,yes,,,
fellow-cohort-13,s08,yes,no,,,
fellow-cohort-14,s01,yes,yes,,,
fellow-cohort-14,s02,no,no,,,
fellow-cohort-14,s03,yes,yes,,,
fellow-cohort-14,s04,yes,no,,,
fellow-cohort-14,s05,no,no,,,
fellow-cohort-14,s06,yes,no,,,
fellow-cohort-14,s07,yes,no,,,
fellow-cohort-14,s08,no,no,,,
fellow-cohort-15,s01,yes,yes,,,
fellow-cohort-15,s02,yes,yes,,,
fellow-cohort-15,s03,yes,no,,,
fellow-cohort-15,s04,yes,yes,,,
fellow-cohort-15,s05,yes,yes,,,
fellow-cohort-15,s06,yes,yes,,,
fellow-cohort-15,s07,no,no,,,
fellow-cohort-15,s08,yes,yes,,,
fellow-cohort-16,s01,yes,yes,,,
fellow-cohort-16,s02,yes,yes,,,
fellow-cohort-16,s03,yes,yes,,,
fellow-cohort-16,s04,no,no,,,
fellow-cohort-16,s05,yes,yes,,,
fellow-cohort-16,s06,yes,no,,,
fellow-cohort-16,s07,yes,yes,,,
fellow-cohort-16,s08,yes,yes,,,
fellow-cohort-17,s01,no,no,,,
fellow-cohort-17,s02,no,no,,,
fellow-cohort-17,s03,no,no,,,
fellow-cohort-17,s04,no,no,,,
fellow-cohort-17,s05,no,no,,,
fellow-cohort-17,s06,no,no,,,
fellow-cohort-17,s07,no,no,,,
fellow-cohort-17,s08,no,no,,,
