fellow_id,first_name,last_name,role,firm_id,cohort_id,report_token
fellow-alexandra-smith,Alexandra,Smith,Investment Associate,firm-example-capital,cohort-2026,a9Vb4Kd2Ws7e
fellow-daniel-mensah,Daniel,Mensah,Senior Investment Analyst,firm-example-capital,cohort-2026,d5Rx1Hq8Jm3u
fellow-amara-okafor,Amara,Okafor,Principal,firm-horizon-ventures,cohort-2026,m2Gc7Yt5Pz9b
fellow-cohort-01,Cohort,Fellow 01,,firm-rest-of-cohort,cohort-2026,cohort01x
fellow-cohort-02,Cohort,Fellow 02,,firm-rest-of-cohort,cohort-2026,cohort02x
fellow-cohort-03,Cohort,Fellow 03,,firm-rest-of-cohort,cohort-2026,cohort03x
fellow-cohort-04,Cohort,Fellow 04,,firm-rest-of-cohort,cohort-2026,cohort04x
fellow-cohort-05,Cohort,Fellow 05,,firm-rest-of-cohort,cohort-2026,cohort05x
fellow-cohort-06,Cohort,Fellow 06,,firm-rest-of-cohort,cohort-2026,cohort06x
fellow-cohort-07,Cohort,Fellow 07,,firm-rest-of-cohort,cohort-2026,cohort07x
fellow-cohort-08,Cohort,Fellow 08,,firm-rest-of-cohort,cohort-2026,cohort08x
fellow-cohort-09,Cohort,Fellow 09,,firm-rest-of-cohort,cohort-2026,cohort09x
fellow-cohort-10,Cohort,Fellow 10,,firm-rest-of-cohort,cohort-2026,cohort10x
fellow-cohort-11,Cohort,Fellow 11,,firm-rest-of-cohort,cohort-2026,cohort11x
fellow-cohort-12,Cohort,Fellow 12,,firm-rest-of-cohort,cohort-2026,cohort12x
fellow-cohort-13,Cohort,Fellow 13,,firm-rest-of-cohort,cohort-2026,cohort13x
fellow-cohort-14,Cohort,Fellow 14,,firm-rest-of-cohort,cohort-2026,cohort14x
fellow-cohort-15,Cohort,Fellow 15,,firm-rest-of-cohort,cohort-2026,cohort15x
fellow-cohort-16,Cohort,Fellow 16,,firm-rest-of-cohort,cohort-2026,cohort16x
fellow-cohort-17,Cohort,Fellow 17,,firm-rest-of-cohort,cohort-2026,cohort17x
